"File","Commit","Date","Subject","Bytes"
"poster_001_2026-09-17_19-33-20_5f753055.png","5f753055f96e62fb6a8f1eade969833f24d1c60b","2026-09-17_19-33-20","poster","768310"
"poster_002_2026-09-15_20-19-16_5b143dd5.png","5b143dd5640bc83d26d63604186d478bcd658f64","2026-09-15_20-19-16","update","431586"
"poster_003_2026-09-15_19-28-24_f863c37e.png","f863c37ea6a3d8186da98e71f3249aab6e6587b7","2026-09-15_19-28-24","popup","431437"
"poster_004_2026-09-11_18-34-57_11dc7d8e.png","11dc7d8ec961cd6f5f8564e6df7abf54fa0271a9","2026-09-11_18-34-57","ready","671034"
"poster_005_2026-09-04_14-41-46_b2bc25fc.png","b2bc25fc3f83ad74807eee2988aa1401f324bf20","2026-09-04_14-41-46","apoc","575519"
"poster_006_2026-09-04_12-27-14_5c5d933f.png","5c5d933fed3b88c634dd0ab60b6f661c9eefda61","2026-09-04_12-27-14","posters","576099"
"poster_007_2026-09-01_20-02-40_a7ea8048.png","a7ea8048f2bc683d6c197cab327f21b07c14dfde","2026-09-01_20-02-40","poster","427462"
"poster_008_2026-08-28_20-27-40_bd21384a.png","bd21384a2cfcc4f84d5f532e5977beef8fb07251","2026-08-28_20-27-40","LOT","1219425"
"poster_009_2026-08-25_22-10-06_1c9234d0.png","1c9234d01531835fb11ad2029374f28f4d9aa63f","2026-08-25_22-10-06","up","430765"
"poster_010_2026-08-25_20-32-56_b24a8a69.png","b24a8a69c3b6972e8bfde4ecef0609c3aea3c672","2026-08-25_20-32-56","ss","429550"
"poster_011_2026-08-21_15-47-24_c71b6e8d.png","c71b6e8d4f82142a7b61ce180892056fe2bd5700","2026-08-21_15-47-24","Update poster.png","65282"
"poster_012_2026-08-18_18-26-46_b2d448d7.png","b2d448d735a1a068a2a67d8d63caf58a609e256c","2026-08-18_18-26-46","up","436799"
"poster_013_2026-08-18_15-40-45_de915adf.png","de915adfc6d222303446935a247c43aebff429f7","2026-08-18_15-40-45","up","436668"
"poster_014_2026-08-14_19-57-20_c886f85b.png","c886f85bdb834e8058831d40340d86eadcda1cc0","2026-08-14_19-57-20","update","1190601"
"poster_015_2026-08-11_17-07-52_19b13fc1.png","19b13fc1cec9174da420cecfeefe338751b2ad3c","2026-08-11_17-07-52","Update poster.png","419492"
"poster_016_2026-08-11_16-53-39_8c1a6b81.png","8c1a6b815f644706f628b3b50cb60f43434a554b","2026-08-11_16-53-39","tue","429405"
"poster_017_2026-08-07_13-51-53_f1c7423c.png","f1c7423c14390b906f0329616f4ec37324d801a7","2026-08-07_13-51-53","crook","852302"
"poster_018_2026-08-07_13-12-35_b1a3ea73.png","b1a3ea73dc4a2f99330b363eb3b10d0c2940c346","2026-08-07_13-12-35","Update poster.png","1437575"
"poster_019_2026-08-05_19-39-17_1ca4e3cb.png","1ca4e3cbc3352242b580001ecab6dead12645e32","2026-08-05_19-39-17","up","2712774"
"poster_020_2026-08-04_17-11-18_64ecb037.png","64ecb03700984688f2a0eb4d2a07bd87a3b75ea8","2026-08-04_17-11-18","update","617769"
"poster_021_2026-07-30_19-15-18_e8961b0a.png","e8961b0aab0dab4667f05a3488234fca33dc1f84","2026-07-30_19-15-18","postret","1633818"
"poster_022_2026-07-28_17-47-37_e1862659.png","e186265903530534a02b3997c4037d15a7bd6bde","2026-07-28_17-47-37","lot","508325"
"poster_023_2026-07-23_01-31-22_f4363cca.png","f4363ccadb7be2ea4f5aa461a015c693b269b7d5","2026-07-23_01-31-22","den","655391"
"poster_024_2026-07-21_18-23-17_4f88df56.png","4f88df56ccdd023556f1ee3efc2d7530e95a11e5","2026-07-21_18-23-17","pop up","427747"
"poster_025_2026-07-18_18-53-34_78d58f71.png","78d58f71dc0e7d37a9467937117d598ee0287af7","2026-07-18_18-53-34","fox","734102"
"poster_026_2026-07-18_18-15-18_c357d8d8.png","c357d8d83b2912dc71a73160e190b8ddda6c69be","2026-07-18_18-15-18","update","734123"
"poster_027_2026-07-17_14-33-09_9d247f04.png","9d247f045f8d48caee4c1dc73d42fa3c16e14815","2026-07-17_14-33-09","fox","514406"
"poster_028_2026-07-17_14-19-30_9ddff45a.png","9ddff45a3a2cec0ca2a9b8f456ee2b2d837eb06c","2026-07-17_14-19-30","posters","514491"
"poster_029_2026-07-14_19-24-28_39d8719e.png","39d8719ef2036a8acd4b23b1bbeb9609ae252582","2026-07-14_19-24-28","update","432085"
"poster_030_2026-07-14_18-24-08_5cc37d14.png","5cc37d1441d61757731f23bf5223d5cda0184f81","2026-07-14_18-24-08","pop up a movie night","437795"
"poster_031_2026-07-10_19-48-48_7fb06979.png","7fb0697906cb053de0f4a7a9da84ccdcf59b7d43","2026-07-10_19-48-48","posters","106914"
"poster_032_2026-07-09_19-29-44_c9a55d95.png","c9a55d95165121d227b448f07634f41d4c226dca","2026-07-09_19-29-44","2y","161395"
"poster_033_2026-07-07_19-10-33_f9db570d.png","f9db570d9279ca4110ddd48dfab237b718a51c32","2026-07-07_19-10-33","posters","430107"
"poster_034_2026-07-02_19-10-16_83c0f425.png","83c0f4252e2fa08da25ba0bb304a3c6b7c7b728d","2026-07-02_19-10-16","push","858156"
"poster_035_2026-07-01_16-04-13_36680c77.png","36680c773e4c8ab1881b394804a7be717a2ed864","2026-07-01_16-04-13","poster","2241251"
"poster_036_2026-06-30_18-13-37_232a91e3.png","232a91e388d0143217c9068bef3cdfd591cab3fa","2026-06-30_18-13-37","rocket","511590"
"poster_037_2026-06-30_14-41-32_de9b7ffd.png","de9b7ffdc60ac139314331be282be1d394f9e5db","2026-06-30_14-41-32","piush","996003"
"poster_038_2026-06-26_16-31-00_a16f8b10.png","a16f8b101ddd6d7c42e02d113b1ff932e4a47124","2026-06-26_16-31-00","up","835840"
"poster_039_2026-06-24_11-06-16_5d4b8fb7.png","5d4b8fb7084358f6d1e23c1feb33d1c2eaddd9cf","2026-06-24_11-06-16","movie","1735134"
"poster_040_2026-06-11_22-23-36_e9e823ce.png","e9e823ce999945166faef765de0782d41ea70991","2026-06-11_22-23-36","uo","1165869"
"poster_041_2026-06-11_22-14-42_0ba3f3e9.png","0ba3f3e963ba6e73abe55cff291366a2d5ce72a7","2026-06-11_22-14-42","po","1165808"
"poster_042_2026-06-10_12-43-19_57fe540e.png","57fe540e4a5c71ae1ba86b88e8c4cd6aa0020ef0","2026-06-10_12-43-19","poster movie night","1583757"
"poster_043_2026-06-05_22-40-58_e198efa1.png","e198efa131e7c5eedf74125e184a23602c6a528c","2026-06-05_22-40-58","m","574134"
"poster_044_2026-06-04_10-25-39_17a7e14e.png","17a7e14e79a17f4bd6a573871d9c6de909d8afab","2026-06-04_10-25-39","ff","2441860"
"poster_045_2026-06-02_12-33-11_bdbe7aee.png","bdbe7aeec00a20d514a2db02fd1b208dbb4647f8","2026-06-02_12-33-11","room","688152"
"poster_046_2026-05-29_17-50-31_a6c617ff.png","a6c617ff370b4903fc499dc8971c2f7ce70885b5","2026-05-29_17-50-31","po","474192"
"poster_047_2026-05-29_17-47-05_287241ee.png","287241ee1ab4f5a1a8acb01811216a726f6ce60d","2026-05-29_17-47-05","po","432412"
"poster_048_2026-05-26_13-28-18_77941aff.png","77941aff3037d649f7c7f34d461193d318c11da8","2026-05-26_13-28-18","push","430926"
"poster_049_2026-05-23_22-52-59_673065df.png","673065df0e97eb45a137fe493b47f0551a18a534","2026-05-23_22-52-59","H","3257588"
"poster_050_2026-05-22_13-27-08_172325b1.png","172325b10249c19761fab4183840e4339f04b0ad","2026-05-22_13-27-08","poster","715069"
"poster_051_2026-05-21_13-54-26_0a6c0221.png","0a6c02219ce7edb25ce822e399ef67dde11f51b8","2026-05-21_13-54-26","popup","7921312"
"poster_052_2026-05-19_17-49-56_c3db6eb6.png","c3db6eb6dbc6a5c2c8278d56f9ff399947c4b1cf","2026-05-19_17-49-56","grove event","510650"
"poster_053_2026-05-14_18-36-12_2089842c.png","2089842c4315dfcf6c013d748716b9e4a68d30c3","2026-05-14_18-36-12","p","577499"
"poster_054_2026-05-12_11-58-48_5db1af22.png","5db1af22ee29f17f3d5fcb3588ec319d9a29378f","2026-05-12_11-58-48","popup","432482"
"poster_055_2026-05-08_17-01-08_a0bd285d.png","a0bd285dadea418bf23e731050350f79c0befc75","2026-05-08_17-01-08","rnr bd","1208161"
"poster_056_2026-05-07_13-11-28_6c4b20fd.png","6c4b20fd31ee2bbce3389cabcbb50f64a7a8bb3c","2026-05-07_13-11-28","rnrbd","1180918"
"poster_057_2026-05-07_02-48-38_5e047aa6.png","5e047aa6fa65470452a752cfdbb13f3cb8b479af","2026-05-07_02-48-38","sam BD","674123"
"poster_058_2026-05-05_13-33-41_f8edfc07.png","f8edfc0717181768957c1523960e208ce79350dd","2026-05-05_13-33-41","Hitaes's BD Night","1482635"
"poster_059_2026-05-02_15-35-29_e485ba9b.png","e485ba9b1617b5bb20d726f8172d11f8f08d0e61","2026-05-02_15-35-29","sickmund","2071361"
"poster_060_2026-05-01_21-29-06_14cd808e.png","14cd808ee9121dcb4c547315c117a9624fb7f58a","2026-05-01_21-29-06","ItsCube","715144"
"poster_061_2026-05-01_20-40-01_806c99b6.png","806c99b6391dc82f69d0c00e6a1d7f6ef985deef","2026-05-01_20-40-01","last","1260824"
"poster_062_2026-04-30_20-16-02_9868ec96.png","9868ec9618c3b1b8af07c7e7c72ed691ef8f71d9","2026-04-30_20-16-02","poster","1250773"
"poster_063_2026-04-23_16-17-18_4db4b2ca.png","4db4b2ca23761cee1e75eb54f85f9a77a6de8380","2026-04-23_16-17-18","boatung 2","847337"
"poster_064_2026-04-21_20-55-52_cdc6ad97.png","cdc6ad9703bfa1c8e3f336e0f0b8e003574435cd","2026-04-21_20-55-52","miso","1184470"
"poster_065_2026-04-21_20-39-41_e67581ad.png","e67581ad42227c62bb658150066b6b08e625cc5d","2026-04-21_20-39-41","popup","1184507"
"poster_066_2026-04-19_21-23-52_f4e350bf.png","f4e350bff605f76e2cac520da22ce127e71b9639","2026-04-19_21-23-52","push","1611308"
"poster_067_2026-04-17_19-10-01_cac109b8.png","cac109b8c4c0c7fea5f196cbb669200a0a496dde","2026-04-17_19-10-01","posters","1230746"
"poster_068_2026-04-16_14-50-01_889e53af.png","889e53affb4e734e07338c8c6b78ff68445fda57","2026-04-16_14-50-01","posters","1052392"
"poster_069_2026-04-11_14-04-33_242ecdc9.png","242ecdc909c0d7707d451b989bb59ea53e4b3744","2026-04-11_14-04-33","Revert ""DION""","417688"
"poster_070_2026-04-09_16-19-35_ba9a60be.png","ba9a60be772508bba5d7630e5a7605a546e1e0f2","2026-04-09_16-19-35","DION","2927178"
"poster_071_2026-04-07_20-16-16_0f0ad001.png","0f0ad001f3ad52f6714b12f200496a70bb6bd2ca","2026-04-07_20-16-16","pop up","417688"
"poster_072_2026-04-03_20-53-01_b0d24377.png","b0d24377961d888755b8dcd9daec267b41c2d1a1","2026-04-03_20-53-01","size","1058950"
"poster_073_2026-04-02_22-18-28_d4a0675c.png","d4a0675cb2b946d2cd69361a1ed7e46f12978403","2026-04-02_22-18-28","posters","4141363"
"poster_074_2026-03-26_15-21-07_bc7832ab.png","bc7832ab9119565e7a7f222e16d85f590c983223","2026-03-26_15-21-07","poster","720908"
"poster_075_2026-03-23_21-25-06_b62ceac3.png","b62ceac38c94c928fa092f44426cc805d203e452","2026-03-23_21-25-06","f","414417"
"poster_076_2026-03-23_21-20-01_f54008ff.png","f54008ffc32d902e8f3072c7ec2f28393ecd99f2","2026-03-23_21-20-01","popup","418413"
"poster_077_2026-03-19_13-16-24_a8f06b5a.png","a8f06b5ab174590ec6aad07b9edce4332936fa24","2026-03-19_13-16-24","rip","277569"
"poster_078_2026-03-19_13-14-55_24963d13.png","24963d13d9a9e9ef0079b0e1e09a1277dda510b0","2026-03-19_13-14-55","Poster for cloud","129008"
"poster_079_2026-03-17_16-45-52_7a1a0207.png","7a1a02073e39e4191bd8dd379a91aad1571757f7","2026-03-17_16-45-52","fish","1631584"
"poster_080_2026-03-12_16-40-46_42f4d649.png","42f4d6498c2ab4c14baee22d5909d131176567e9","2026-03-12_16-40-46","cet","1025228"
"poster_081_2026-03-12_15-29-35_85f3ca29.png","85f3ca29f9dee81d0d948a0b4fbad9c25b9785f8","2026-03-12_15-29-35","update","1025091"
"poster_082_2026-03-11_20-02-07_2883a8d4.png","2883a8d4c5687fe506d3db42764c8a429b928211","2026-03-11_20-02-07","o","987306"
"poster_083_2026-03-09_22-58-33_9fd71efd.png","9fd71efdb00787ac7f4fd87bfbe6a2c40b98cec8","2026-03-09_22-58-33","update","506442"
"poster_084_2026-03-09_19-02-18_d6248c7d.png","d6248c7db104f0a77be981968a48b43c04bd8d52","2026-03-09_19-02-18","up","507140"
"poster_085_2026-03-09_16-12-54_1b36b445.png","1b36b44560e3ac584aa628bf77653fa7d4691f2e","2026-03-09_16-12-54","push","420392"
"poster_086_2026-03-06_20-18-51_962245fa.png","962245fae9224151af9bb0d61ab61b34fb03354e","2026-03-06_20-18-51","poster","1517194"
"poster_087_2026-03-03_21-04-18_678b585c.png","678b585cb19f095b73901b75af01fdbd4be3badf","2026-03-03_21-04-18","nana","424553"
"poster_088_2026-03-02_20-10-13_4485b82a.png","4485b82a79178019df592c48760ac17eda601e13","2026-03-02_20-10-13","up","684222"
"poster_089_2026-02-25_20-55-14_7d8bac2e.png","7d8bac2e80fad8e6e8156c91ca87e3daa111bcb3","2026-02-25_20-55-14","Last Friday","1079984"
"poster_090_2026-02-23_16-51-54_ee26ee1b.png","ee26ee1b265f8adbc2ca458918d9aabb79936ce6","2026-02-23_16-51-54","info update","1225742"
"poster_091_2026-02-22_17-28-05_5bf81b56.png","5bf81b56543d6a3bed8323511c81a87785fb5b16","2026-02-22_17-28-05","u","1225666"
"poster_092_2026-02-20_18-06-35_fa7fbc1e.png","fa7fbc1ef3ae6446343870db1ce6623bfffe01e8","2026-02-20_18-06-35","poster","1517892"
"poster_093_2026-02-19_22-51-36_17abebda.png","17abebdad50b0e8fb3226b14f296689013877498","2026-02-19_22-51-36","poster","1517890"
"poster_094_2026-02-17_18-03-16_bcc859ff.png","bcc859ff98bc4cc6948bd68a5105b16510bf8588","2026-02-17_18-03-16","wwww","757105"
"poster_095_2026-02-12_19-03-44_00ede848.png","00ede8482fd7a2b01cded3a48f7b9ce92124256d","2026-02-12_19-03-44","posters update","1119774"
"poster_096_2026-02-10_20-38-15_254dda37.png","254dda378156c3edb502697c54cbc3919c712136","2026-02-10_20-38-15","u","681226"
"poster_097_2026-02-05_17-36-58_dacdc4cd.png","dacdc4cdcf81dda5b6159a6285a352b2f77f0f0a","2026-02-05_17-36-58","update","1644036"
"poster_098_2026-02-05_17-10-06_14560823.png","14560823b5a671f64efec30f72d0a5648db21931","2026-02-05_17-10-06","upda","909811"
"poster_099_2026-02-03_17-00-45_8be1a90a.png","8be1a90adb19b2ca3cb28ae736b721421fbe70c6","2026-02-03_17-00-45","poster","3348141"
"poster_100_2026-01-30_15-25-29_3742b25d.png","3742b25d6ea437441dfbab46ab6ab991c98493ff","2026-01-30_15-25-29","update","1370005"
"poster_101_2026-01-30_13-46-11_e99b97a9.png","e99b97a9ee78ce98630347e42c656cce003d1fb4","2026-01-30_13-46-11","update","1575548"
"poster_102_2026-01-30_11-44-19_ab22525d.png","ab22525dac755fdc94be2efbb47445df916ca632","2026-01-30_11-44-19","u","1368167"
"poster_103_2026-01-29_00-19-00_6793f094.png","6793f0942b270e2c32f6f0b66f84dc3dc756e053","2026-01-29_00-19-00","u","1369447"
"poster_104_2026-01-26_16-03-07_62af34b0.png","62af34b0cfa19adab29aaf49730943edf2c69c94","2026-01-26_16-03-07","oh","576775"
"poster_105_2026-01-26_15-54-11_85420181.png","854201816b26ca613856288973788ef5eb1dfe84","2026-01-26_15-54-11","u","576610"
"poster_106_2026-01-22_17-14-34_21a3902f.png","21a3902f8552781284806d47f6ae63b4a9c67f85","2026-01-22_17-14-34","pu","1115370"
"poster_107_2026-01-18_17-43-59_32b98c60.png","32b98c606f76142ccafa5be64578d857bd6036d7","2026-01-18_17-43-59","collab","242195"
"poster_108_2026-01-15_16-51-44_ea6d0d31.png","ea6d0d3173593aebd528b1a9f9f0ad6570bcb214","2026-01-15_16-51-44","posters","1489633"
"poster_109_2026-01-13_00-10-00_d2109e20.png","d2109e201455f28c2c017bf74f8912cfe0711c01","2026-01-13_00-10-00","p","1197959"
"poster_110_2026-01-07_00-26-31_77ca8261.png","77ca82617dae269a6bf89e63ee50e1e789530306","2026-01-07_00-26-31","Update poster.png","1209361"
"poster_111_2026-01-06_17-33-18_e6691df9.png","e6691df90c678a2e645a11495e9095a540cac20d","2026-01-06_17-33-18","u","1172122"
"poster_112_2025-12-31_14-15-20_38beb0ea.png","38beb0ea05f85c8c573322b885885e852071c61e","2025-12-31_14-15-20","u","1186071"
"poster_113_2025-12-26_16-37-46_8b2eb3c2.png","8b2eb3c26d9a9bad0132d72e8eba83759c446280","2025-12-26_16-37-46","u","1175360"
"poster_114_2025-12-19_16-05-00_383668b4.png","383668b43679a7b4c2b46d40c2acaa5c806d8994","2025-12-19_16-05-00","Update poster.png","2373329"
"poster_115_2025-12-17_01-59-35_60fff8f7.png","60fff8f7498e132ebb2f82ba9887b94b60e92dad","2025-12-17_01-59-35","Update poster.png","6249128"
"poster_116_2025-12-16_22-32-32_954ae297.png","954ae297c567f70e48ea354b5a95cb3ae34c2fb7","2025-12-16_22-32-32","ff","1110055"
"poster_117_2025-12-12_00-19-15_0012168e.png","0012168ebb153be0aafad4686189c3ab79dd974e","2025-12-12_00-19-15","Update poster.png","561320"
"poster_118_2025-12-09_18-11-08_f560df53.png","f560df538a004341293ad588e8af2a9b51cc8786","2025-12-09_18-11-08","noooby","1007012"
"poster_119_2025-12-02_19-17-33_32bb0f7e.png","32bb0f7e4196c5d8d62e93bb23c81a61f9702eb4","2025-12-02_19-17-33","u","1351400"
"poster_120_2025-12-01_22-24-47_11ae1572.png","11ae15725c697483317b4ff26195341763dfa2ae","2025-12-01_22-24-47","up","116657"
"poster_121_2025-11-29_20-39-26_cd238691.png","cd2386916a70e0ae3fedd7f1c2f21500738654ea","2025-11-29_20-39-26","u","1259793"
"poster_122_2025-11-29_20-35-24_3aee464f.png","3aee464fb44a43a791781e4c49154783be9009f6","2025-11-29_20-35-24","u","1618699"
"poster_123_2025-11-28_16-28-47_20b95e27.png","20b95e276739173dfeaadd31d6cd27b0c2481bd2","2025-11-28_16-28-47","update","1961457"
"poster_124_2025-11-28_16-23-39_8d3f1efa.png","8d3f1efa385c811e18d6c5658db738e3fc590170","2025-11-28_16-23-39","posters","4242104"
"poster_125_2025-11-26_22-48-12_b83773eb.png","b83773ebd59ca2e0789ead8e09610dc56a1994da","2025-11-26_22-48-12","u","1332443"
"poster_126_2025-11-22_21-47-14_24601069.png","24601069d1c030a39e4b9494bb984f6850f13064","2025-11-22_21-47-14","update","39279"
"poster_127_2025-11-19_17-15-35_00761e8f.png","00761e8feae5fa350835f93263c5251f0fe3a39e","2025-11-19_17-15-35","update","972606"
"poster_128_2025-11-19_16-22-34_8475be3a.png","8475be3a99a00211025d37cfcb78c6246c9d156e","2025-11-19_16-22-34","update","953826"
"poster_129_2025-11-19_16-20-18_ad2bb33d.png","ad2bb33d484b1576eae2a32770cd838389231981","2025-11-19_16-20-18","FF","953798"
"poster_130_2025-11-18_22-13-29_560fd2d4.png","560fd2d4c831667de9313563c462d8cb18cb95f3","2025-11-18_22-13-29","neko neko","835305"
"poster_131_2025-11-14_00-40-50_465dd374.png","465dd37413a4677ee463556eb9a4d67ade9ebae8","2025-11-14_00-40-50","Update poster.png","1100418"
"poster_132_2025-11-13_18-45-13_675f05e4.png","675f05e4fc66537a8987f26a4f39199f376deade","2025-11-13_18-45-13","po","1098682"
"poster_133_2025-11-13_18-23-35_29094195.png","2909419514a0ca9fb216bd252aca4d2ac86bdb0e","2025-11-13_18-23-35","Update poster.png","2101143"
"poster_134_2025-11-13_17-03-46_c09ab38d.png","c09ab38defa8a81acd2674a5cd44655a08eb8c83","2025-11-13_17-03-46","home","2101141"
"poster_135_2025-11-05_12-47-59_6e1b9d90.png","6e1b9d908998e05cca3140bdd590b0f464723f51","2025-11-05_12-47-59","Update poster.png","1194140"
"poster_136_2025-11-01_17-13-12_7b68fb3c.png","7b68fb3c58a7961caa8b0cd9253b34ad2a222dda","2025-11-01_17-13-12","Update poster.png","557028"
"poster_137_2025-10-30_20-10-32_3ca84567.png","3ca8456794923ff94a14510ed9d6df06e28ad38b","2025-10-30_20-10-32","Update poster.png","558871"
"poster_138_2025-10-27_23-51-16_ca0767b2.png","ca0767b219c59e767eddfdd3565c73f16c565112","2025-10-27_23-51-16","Update poster.png","3992229"
"poster_139_2025-10-24_20-54-13_6c6e6a11.png","6c6e6a110b986f4866edcea874a82879126c1763","2025-10-24_20-54-13","poster","392215"
"poster_140_2025-10-13_22-13-07_c906da4e.png","c906da4e5734a014e33249b990fd4d9a61f86de0","2025-10-13_22-13-07","Update poster.png","740436"
"poster_141_2025-10-13_22-03-42_481fa52b.png","481fa52b815777479ae6dccbdacb9289c110b4e6","2025-10-13_22-03-42","666","741511"
"poster_142_2025-10-10_21-34-22_49800812.png","4980081268edbe4b972adaa6e6d0b1528455861b","2025-10-10_21-34-22","update","607765"
"poster_143_2025-10-06_14-18-18_90628820.png","90628820b922605b4a7a760b16a2e1aab3b63b68","2025-10-06_14-18-18","Update poster.png","868911"
"poster_144_2025-10-06_14-05-14_27e6924a.png","27e6924a367b0dc8ec82d90e778d970281f8a88d","2025-10-06_14-05-14","room","867909"
"poster_145_2025-10-02_15-02-28_b677129f.png","b677129fa0948f35400edecbc5e368e23cd44d7c","2025-10-02_15-02-28","images","2155293"
"poster_146_2025-09-28_16-30-15_723c2e92.png","723c2e92d5f37df95348ef484c5696d04c44ec3e","2025-09-28_16-30-15","poxy","1071224"
"poster_147_2025-09-28_00-18-34_c61755ab.png","c61755ab251f6f282c08522499270a85c4833b4d","2025-09-28_00-18-34","poxy","2575432"
"poster_148_2025-09-25_23-51-01_22917d11.png","22917d1103b82409e71dd257adb4a744170b3869","2025-09-25_23-51-01","updated","899998"
"poster_149_2025-09-25_20-00-23_daa3a961.png","daa3a961025c4c3540650f95a91fe4332d9abda3","2025-09-25_20-00-23","update","900424"
"poster_150_2025-09-23_16-07-45_afc87deb.png","afc87deba0721ab15b01ebe7ccfbcc24270cf589","2025-09-23_16-07-45","Revert ""update for event""","846615"
"poster_151_2025-09-22_21-09-56_4a1bfbc6.png","4a1bfbc6d9131d5af12cda767f6ca918bdbbbbf7","2025-09-22_21-09-56","update for event","449699"
"poster_152_2025-09-18_16-59-10_1d4351b4.png","1d4351b4c2d352e0c81a602ea6dc4594493e745b","2025-09-18_16-59-10","poster","846615"
"poster_153_2025-09-13_13-46-18_0fc6bee4.png","0fc6bee46e3712befe0ea33dfa2223c66d6c402c","2025-09-13_13-46-18","Add files via upload","2386899"
"poster_154_2025-09-11_20-12-25_b3ab789c.png","b3ab789cd7394a9be5f425f75912bf4693787af0","2025-09-11_20-12-25","update","1442082"
"poster_155_2025-09-05_20-39-52_a78127f4.png","a78127f4c55dabd91d777ad8c3ad06d6a52c5450","2025-09-05_20-39-52","Update poster.png","669953"
"poster_156_2025-09-02_22-28-17_15b6b2d3.png","15b6b2d3d88dd3fcf87df878e85b239a0e1911e1","2025-09-02_22-28-17","poster","986254"
"poster_157_2025-08-31_23-16-22_b7726417.png","b7726417bd3da1d769d3152cd6fb19c1d0d47bde","2025-08-31_23-16-22","d4","3258925"
"poster_158_2025-08-28_17-28-30_34f5c0a0.png","34f5c0a09c04fb7936c77f293b97cef741573d1b","2025-08-28_17-28-30","update","971771"
"poster_159_2025-08-25_21-53-14_64cd9a42.png","64cd9a423df0b9fc0f5e19f0c6df1b6aa73ba7cf","2025-08-25_21-53-14","Update poster.png","2060944"
"poster_160_2025-08-21_14-13-24_283107cd.png","283107cdc2dbdf8b1eef8110cf52ef6ea2be8ff2","2025-08-21_14-13-24","Majko BD","1553672"
"poster_161_2025-08-21_13-39-24_a9b35bef.png","a9b35befa20e49e1f7ac6101dac413a9838daa21","2025-08-21_13-39-24","posters","1591702"
"poster_162_2025-08-13_20-34-01_abd8f39f.png","abd8f39f78d1ba7200a9ddbd4da25f464ce20023","2025-08-13_20-34-01","update","673451"
"poster_163_2025-08-12_19-46-09_cefdefdf.png","cefdefdf24fcc3668b9f9ddce10ba17adc73287b","2025-08-12_19-46-09","update","116657"
"poster_164_2025-08-09_21-14-47_8ea4474b.png","8ea4474b3efe02ee69c0cd6716737ebeb502fd9e","2025-08-09_21-14-47","u","874821"
"poster_165_2025-08-07_20-08-48_c4c195ab.png","c4c195abc4b83479e5d234abd8c82fc8fe27f3fe","2025-08-07_20-08-48","p","2174101"
"poster_166_2025-08-06_19-46-38_376ec95b.png","376ec95b4bbb9fb0f7ec13ed09e071bcfd3ccf2e","2025-08-06_19-46-38","every wendesday","1794783"
"poster_167_2025-07-31_19-55-40_bfac7c2a.png","bfac7c2a3ae47805cc997c7104e5fbfd0fa6733c","2025-07-31_19-55-40","update","1606256"
"poster_168_2025-07-21_20-03-16_213d584f.png","213d584f7a8ab29e95f2d0ee5f904ff80a438754","2025-07-21_20-03-16","devotion","1012502"
"poster_169_2025-07-17_22-02-41_af3fd382.png","af3fd382d2e390e5edfe1628a224e1fd6d391fca","2025-07-17_22-02-41","timmyTheWho","2692894"
"poster_170_2025-06-28_17-42-36_6bc8f663.png","6bc8f663efc9f945e4e490129e0d7dd0eb035487","2025-06-28_17-42-36","u","965755"
"poster_171_2025-06-26_20-54-06_59b5cb80.png","59b5cb80bf0db42b035340e0931628e40a8919d1","2025-06-26_20-54-06","u","1615632"
"poster_172_2025-06-20_19-13-35_3c1f3236.png","3c1f323628acc218c362a7b3e9b1a69820986c0e","2025-06-20_19-13-35","u","1541481"
"poster_173_2025-06-13_00-01-22_c4fab0ba.png","c4fab0ba0d1c648dbf837114ebf8307134c0687c","2025-06-13_00-01-22","Update poster.png","1531597"
"poster_174_2025-05-26_21-58-36_f14971f9.png","f14971f9db5b48fe7411018c146eccd2a9f9e316","2025-05-26_21-58-36","u","2665658"
"poster_175_2025-05-23_21-47-29_893e8cbb.png","893e8cbb35be45b50e96cd42f7e16ad7afaff5da","2025-05-23_21-47-29","u","750026"
"poster_176_2025-05-21_21-52-07_28584817.png","28584817360d60a56082364d7d50be80cf96bb60","2025-05-21_21-52-07","u","750422"
"poster_177_2025-05-15_21-49-11_0d97ba4a.png","0d97ba4a7749cf282e02a3804eae81ee352614c7","2025-05-15_21-49-11","Update poster.png","965999"
"poster_178_2025-05-08_15-00-27_4098aae8.png","4098aae80d1ce6e9df1f6cbad045d2fc76b9b124","2025-05-08_15-00-27","u","942878"
"poster_179_2025-05-08_14-56-53_ab01f4a6.png","ab01f4a6f267f1c689a8ada6a4e347cb39b9b0c9","2025-05-08_14-56-53","u","1589036"
"poster_180_2025-05-01_22-58-38_6bd19035.png","6bd19035fcc12a0b5b51e24c3a4cbf85257b1351","2025-05-01_22-58-38","u","226052"
"poster_181_2025-05-01_21-00-58_1397afc9.png","1397afc94702c189ce1d7c6eb34b130d70b057c1","2025-05-01_21-00-58","u","226657"
"poster_182_2025-04-21_19-26-12_01ec8603.png","01ec8603080e8ce9571bba726b6dd19bccef2fc5","2025-04-21_19-26-12","u","1100255"
"poster_183_2025-04-18_22-08-14_c4a15e4c.png","c4a15e4c803f11286893319559d48fda35a1ba76","2025-04-18_22-08-14","u","1236276"
"poster_184_2025-04-06_20-15-57_7f30d526.png","7f30d526e9df4e8483a2e56834d2b4f10226f811","2025-04-06_20-15-57","u","1686502"
"poster_185_2025-04-03_20-51-47_c5f3b2a4.png","c5f3b2a43a93b3896d18a1389a90b0c10cea4371","2025-04-03_20-51-47","u","1458565"
"poster_186_2025-03-18_16-54-47_7cdd508a.png","7cdd508a4d05c4ac3f57403d5afac0e44619f9dd","2025-03-18_16-54-47","u","822884"
"poster_187_2025-03-18_01-57-03_f42feec6.png","f42feec64c61803b21bb81b3db061d9aefd8e7fc","2025-03-18_01-57-03","u","822316"
"poster_188_2025-03-18_01-53-37_9f527c3b.png","9f527c3b8d8516078f412a38d5f8f1f5536a56b9","2025-03-18_01-53-37","u","1023574"
"poster_189_2025-03-13_18-16-52_fa327380.png","fa3273802fe55cfe98fc59f816d77fd34339b830","2025-03-13_18-16-52","u","930636"
"poster_190_2025-03-06_03-01-08_afa114b0.png","afa114b0994d2d9154f4b1fb50bfff6e66f2a2fe","2025-03-06_03-01-08","U","1088904"
"poster_191_2025-03-02_15-49-38_9e78e5ef.png","9e78e5ef60ead920416370c816d297780d7e7b29","2025-03-02_15-49-38","u","1073769"
"poster_192_2025-02-25_20-12-50_1af5e216.png","1af5e21628fa666319b7c5f54bfabc899080b913","2025-02-25_20-12-50","u","2753795"
"poster_193_2025-02-24_19-07-06_49636fab.png","49636fab9e21eb14d0da0904305c18cffad38017","2025-02-24_19-07-06","Drain beats","1215844"
"poster_194_2025-02-20_17-49-18_87035b02.png","87035b0263379aae014ef3ba702160682da5b2cd","2025-02-20_17-49-18","u","1939457"
"poster_195_2025-02-13_19-21-07_3a23dee0.png","3a23dee042a409139fedbf5ddb9770d1fd92bd42","2025-02-13_19-21-07","u","1062140"
"poster_196_2025-02-13_18-56-10_572e8851.png","572e8851fb5303b52854ed43e8166171b660a669","2025-02-13_18-56-10","u","672165"
"poster_197_2025-02-06_16-07-37_fc9ab446.png","fc9ab446f0e348e28ef5dfbd39044ccaead1bbed","2025-02-06_16-07-37","u","773859"
"poster_198_2025-01-31_18-46-02_22ad6b73.png","22ad6b73309220fbac737156bd773f488a89bc2b","2025-01-31_18-46-02","u","633172"
"poster_199_2025-01-30_16-00-43_186d2c47.png","186d2c47b783434873143b5611e730eea2c8db2b","2025-01-30_16-00-43","u","633172"
"poster_200_2025-01-24_18-26-44_ec05d57b.png","ec05d57bf2b0a2a8771ece55588bc6a8f7c0593d","2025-01-24_18-26-44","u","555642"
"poster_201_2025-01-24_18-10-45_bb669d3d.png","bb669d3d9bc2595d3774647d10926492304a918f","2025-01-24_18-10-45","u","555593"
"poster_202_2025-01-24_17-59-54_b67839c9.png","b67839c988b29faa0a68a03e042e9f2d9ab787f1","2025-01-24_17-59-54","u","555617"
"poster_203_2025-01-23_22-14-55_76339979.png","7633997910aa26e6b084f3a45ae8693a3a3acd61","2025-01-23_22-14-55","u","555843"
"poster_204_2025-01-23_22-14-37_24073c70.png","24073c70b50fa0a39a5ed58172a10c56a24c2771","2025-01-23_22-14-37","u","555843"
"poster_205_2025-01-23_22-09-00_c4c6de59.png","c4c6de591a737354ad73b593df38a0471bda6263","2025-01-23_22-09-00","u","336426"
"poster_206_2025-01-23_20-41-55_3fbbd0ca.png","3fbbd0cadc894b4853738a2461eb03d8a9301cc2","2025-01-23_20-41-55","u","557149"
"poster_207_2025-01-22_20-06-36_1378b2af.png","1378b2af634cc5f44b290aa1ac830375b4f99366","2025-01-22_20-06-36","u","557107"
"poster_208_2025-01-16_21-12-08_200a9abe.png","200a9abe9dd7c5e833d2880b355dcbf722b8fe11","2025-01-16_21-12-08","u","607113"
"poster_209_2025-01-10_16-06-10_c110ef4e.png","c110ef4e9bd0681501171922056a316e59dfeda1","2025-01-10_16-06-10","posters","801159"
"poster_210_2025-01-03_20-03-41_d3a67563.png","d3a6756349da6ab024b475ff6c9519794f25c397","2025-01-03_20-03-41","u","785498"
"poster_211_2024-12-20_00-51-22_b39f22a7.png","b39f22a759cec5b985f2e887e54186bb5596d4e0","2024-12-20_00-51-22","u","270208"
"poster_212_2024-12-12_20-32-54_b0a12b46.png","b0a12b46322dad27a0700a7502e678d19ffcda1c","2024-12-12_20-32-54","u","555466"
"poster_213_2024-12-05_20-35-05_275c7293.png","275c7293d29eff85ab6c4b7d24878b8ac6edd3d5","2024-12-05_20-35-05","u","661889"
"poster_214_2024-12-05_20-28-51_8e4f3291.png","8e4f3291c53d3792533014d2d521259837ebcb04","2024-12-05_20-28-51","u","661889"
"poster_215_2024-11-29_21-32-50_d5831a0e.png","d5831a0efff50fc6d1484c884236dec82d3f9eb1","2024-11-29_21-32-50","u","637363"
"poster_216_2024-11-23_17-18-12_6f43e7af.png","6f43e7afe5e6a5722bf5d0242210c587fecb8dc0","2024-11-23_17-18-12","u","583184"
"poster_217_2024-11-22_14-45-26_97b127ee.png","97b127eea737c2245bbbdb4f9a740862f92dde46","2024-11-22_14-45-26","u","582834"
"poster_218_2024-11-13_20-20-37_51abdf87.png","51abdf8728354b68a624d42d6f28b9e37bfab525","2024-11-13_20-20-37","u","689013"
"poster_219_2024-11-13_20-14-21_94f0872e.png","94f0872e051f12d1a32c95e2f011c6fdc6769f64","2024-11-13_20-14-21","u","689013"
"poster_220_2024-11-10_18-59-15_58bdcc7b.png","58bdcc7bcf0f7fc18b231d577264f5d2f531b276","2024-11-10_18-59-15","u","72751"
"poster_221_2024-11-10_00-57-39_6356a382.png","6356a382161f9ff555e38a36bcce9ee1cc564bde","2024-11-10_00-57-39","u","769050"
"poster_222_2024-11-09_19-00-01_c308661e.png","c308661e20bb06c4c68fc27864157a4186190424","2024-11-09_19-00-01","u","836815"
"poster_223_2024-11-07_17-15-08_5182de13.png","5182de13f7bf092f60e8dbd5d1bae5a60cda4890","2024-11-07_17-15-08","u","836815"
"poster_224_2024-10-31_20-43-00_b832690f.png","b832690fceb10fd9a4297b8169ae0714705a5f27","2024-10-31_20-43-00","u","89399"
"poster_225_2024-10-25_16-24-16_ec0d5f82.png","ec0d5f823b222d402d8bf956b5ee5037f254aa12","2024-10-25_16-24-16","pudh","147630"
"poster_226_2024-10-24_20-11-18_a8b7e6b8.png","a8b7e6b8f5a5be2ffe4f96be476585bc57e2856d","2024-10-24_20-11-18","u","53016"
"poster_227_2024-10-19_20-20-52_a1e2f418.png","a1e2f418422c93e54389bc3c701af0caee23d557","2024-10-19_20-20-52","u","50593"
"poster_228_2024-10-19_19-03-41_6e185a44.png","6e185a44378d05aff436812b4414921cb1c0d556","2024-10-19_19-03-41","u","50593"
"poster_229_2024-10-15_12-06-41_cdc4c610.png","cdc4c610cc07524d8ce3575e5c44c5d23079a597","2024-10-15_12-06-41","u","109009"
"poster_230_2024-10-15_12-02-22_f948412e.png","f948412e394e36b5c922c68e3d919a071daa030c","2024-10-15_12-02-22","u","109009"
"poster_231_2024-10-11_17-42-35_e9e8f57c.png","e9e8f57c113e089e6ccf10e6e36a4a6cf1d8b1a4","2024-10-11_17-42-35","u","962694"
"poster_232_2024-10-10_17-21-02_6f05dc23.png","6f05dc23c717c2948b7e91fe8f7a8487298d6c8d","2024-10-10_17-21-02","u","962694"
"poster_233_2024-10-10_16-32-03_0562168c.png","0562168c17f2f9eb742de941468ee96c7829f005","2024-10-10_16-32-03","u","963089"
"poster_234_2024-10-10_16-07-52_0289ebc9.png","0289ebc90fa57abbc54839f91439180f3e4c25c2","2024-10-10_16-07-52","u","960615"
"poster_235_2024-10-09_16-14-44_060a4f19.png","060a4f19508c7d6d887e7841e37f0d7d755bccce","2024-10-09_16-14-44","p","960924"
"poster_236_2024-10-04_17-45-56_c05b8362.png","c05b83624fdc4d5587c79faae7a02b99a5f3ea85","2024-10-04_17-45-56","u","212832"
"poster_237_2024-10-04_15-27-06_2c9110bc.png","2c9110bc09324456ab6980c7724422edb90372f4","2024-10-04_15-27-06","u","210956"
"poster_238_2024-10-04_15-14-56_a0bfdd34.png","a0bfdd34f9542b2adf6489db83c33fad6dc9deb9","2024-10-04_15-14-56","u","211123"
"poster_239_2024-10-04_13-31-51_e3b5776a.png","e3b5776ac210453fd80894ca06e1bae71eb8f393","2024-10-04_13-31-51","u","181986"
"poster_240_2024-10-04_12-53-07_874f644a.png","874f644ae1fcac6fbed7430e33312a431b2b38f5","2024-10-04_12-53-07","u","73329"
"poster_241_2024-10-02_03-12-21_c67fc020.png","c67fc0207cf705336dbcf645ae10c222301a6b4e","2024-10-02_03-12-21","update","122502"
"poster_242_2024-09-24_19-46-39_abb4c54b.png","abb4c54b1096caada3c0b6b9d44d920f1112d81e","2024-09-24_19-46-39","u","104037"
"poster_243_2024-09-24_19-40-09_d179c44e.png","d179c44ec0851fccd49a4f545ba72437e83e95d1","2024-09-24_19-40-09","poster aegis","104265"
"poster_244_2024-09-24_15-28-54_de18ffe0.png","de18ffe046c7945e9c08d702f4e7babf40971033","2024-09-24_15-28-54","u","107037"
"poster_245_2024-09-20_19-04-52_aa9107a3.png","aa9107a3b65f1a85797b5a8bb7daecac08bff20c","2024-09-20_19-04-52","update","489414"
"poster_246_2024-09-19_17-26-37_a5c2de7b.png","a5c2de7b71f68fc30a15088a38eb44406e218619","2024-09-19_17-26-37","switch order","489414"
"poster_247_2024-09-19_16-53-04_a5b96305.png","a5b963055ae3046bfe32aa3962e9d26b805f360b","2024-09-19_16-53-04","u","69690"
"poster_248_2024-09-18_20-59-06_3dc50eb6.png","3dc50eb6c5e1d697ead298131570abb6310c6bb4","2024-09-18_20-59-06","sizes","532218"
"poster_249_2024-09-18_20-19-58_26d694d1.png","26d694d156f36a49a5735e5f048d251bf58c9197","2024-09-18_20-19-58","update","1322181"
"poster_250_2024-09-14_18-40-39_4c9884a9.png","4c9884a99f54ee212896a2c19a1bec560432cdb8","2024-09-14_18-40-39","u","525877"
"poster_251_2024-09-14_17-24-29_fd4e4a53.png","fd4e4a5353e4d93b45fcf1ed663204e1e0a7d480","2024-09-14_17-24-29","u","525877"
"poster_252_2024-09-14_17-18-24_1bf4256d.png","1bf4256d44d7092875af5aa35056d2d3fe79a849","2024-09-14_17-18-24","u","525877"
"poster_253_2024-09-13_23-32-53_4ead38da.png","4ead38da21caaab5db5fc970617ee5eb2abb3a32","2024-09-13_23-32-53","u","617648"
"poster_254_2024-09-13_20-20-35_575bcb9c.png","575bcb9c90b7c7a1d528cc656786ae0648067968","2024-09-13_20-20-35","wl","639061"
"poster_255_2024-09-13_01-55-09_088ae606.png","088ae6064b47d322f305f1c63f8a6427dbb136b2","2024-09-13_01-55-09","u","639061"
"poster_256_2024-09-13_01-38-13_dc1ccbe5.png","dc1ccbe51927be43beae3bd000101963f2e08c8c","2024-09-13_01-38-13","update","644586"
"poster_257_2024-09-11_22-27-02_780596b1.png","780596b1ce68c83cb7a0951fc2fc8eb7d19f9cf7","2024-09-11_22-27-02","u","29629"
"poster_258_2024-09-11_20-00-12_1cc09a03.png","1cc09a03d21306cee681022adc9efa9f6b9ab952","2024-09-11_20-00-12","update","29629"
"poster_259_2024-09-03_19-34-42_eeee0800.png","eeee0800cd6d23318708c8dc24c161b5acc91a3f","2024-09-03_19-34-42","up","777002"
"poster_260_2024-09-03_19-28-56_ed193a88.png","ed193a88731940032b03e7779a8d4bd52fc23bec","2024-09-03_19-28-56","up","777002"
"poster_261_2024-09-03_18-10-35_865e1db3.png","865e1db3e3f1147aa731310e165a22a2903aab92","2024-09-03_18-10-35","up","777002"
"poster_262_2024-09-03_18-08-10_0cd6204e.png","0cd6204e9cd900267998a64c169d5d762453ae17","2024-09-03_18-08-10","posters","776882"
"poster_263_2024-08-30_17-31-29_ea340d2f.png","ea340d2fda4493d622c24c727ed0f50adefe5e25","2024-08-30_17-31-29","update","954203"
"poster_264_2024-08-29_23-19-02_e91bad21.png","e91bad21e6d6a82a65cbd0648698c36200d464c5","2024-08-29_23-19-02","bd","957253"
"poster_265_2024-08-29_23-13-38_53c42e3e.png","53c42e3e63091fad25fe964fdede0e72e266d040","2024-08-29_23-13-38","update","957253"
"poster_266_2024-08-23_14-33-35_ea0b64fe.png","ea0b64fe3cd601e7f2a1bfcbaedf49ad171c98aa","2024-08-23_14-33-35","update","912016"
"poster_267_2024-08-15_00-19-47_d82d3095.png","d82d309591f5dde7a226c2c67d26d3b44bb8d4ab","2024-08-15_00-19-47","update","843448"
"poster_268_2024-08-09_22-03-47_de796cd2.png","de796cd24c9368b9638695f02ecb8cf4ddfa52c7","2024-08-09_22-03-47","weeepeace","692734"
"poster_269_2024-08-09_17-03-31_723ea32f.png","723ea32f914de0c81cde02752be4400164309469","2024-08-09_17-03-31","update","692734"
"poster_270_2024-08-09_16-55-54_229cd52d.png","229cd52d8c1cef524df308e4780a7a0144c55f4a","2024-08-09_16-55-54","update","20663"
"poster_271_2024-08-07_21-14-56_7bffe8c9.png","7bffe8c93ff1299750eff6e676aff1a990013677","2024-08-07_21-14-56","update","34562"
"poster_272_2024-08-01_19-12-55_b2d1d27b.png","b2d1d27ba4451053af71ec1c928ba23d74c578c3","2024-08-01_19-12-55","update","587926"
"poster_273_2024-08-01_19-07-57_b35249b2.png","b35249b2e41701cc939a0d512ac07ab65063c563","2024-08-01_19-07-57","update","587926"
"poster_274_2024-08-01_19-07-09_40404e42.png","40404e4298d40d71f9a4cd1dac2a03546474f5b6","2024-08-01_19-07-09","update","588193"
"poster_275_2024-07-24_22-19-16_35c75ae6.png","35c75ae6685675477c79895ba3e67cabff82fb81","2024-07-24_22-19-16","update","733939"
"poster_276_2024-07-12_00-19-37_3de076bd.png","3de076bdd8be697ac21a78acbdd2e93bb665cf1f","2024-07-12_00-19-37","update","375356"
"poster_277_2024-07-12_00-17-21_243c9916.png","243c991658f72ccef2ef0725a75c625a3b155905","2024-07-12_00-17-21","update","388772"
"poster_278_2024-07-11_23-44-40_407e7b10.png","407e7b10ec0a888cd606199708e81dbce69ddc16","2024-07-11_23-44-40","update","509142"
"poster_279_2024-07-11_00-44-32_ff7740dc.png","ff7740dcf1879b01742e4dde89cf48f182cdcc73","2024-07-11_00-44-32","posters","509142"
"poster_280_2024-07-05_21-18-41_30cdd846.png","30cdd8460519c9218600831fe3afcab5861fb436","2024-07-05_21-18-41","iomages","509142"
"poster_281_2024-07-02_21-05-09_061a4bc2.png","061a4bc264e8f5cdf015f8e04bed0cc906be92b0","2024-07-02_21-05-09","update","509142"
"poster_282_2024-06-28_18-28-34_1eb9f87b.png","1eb9f87b20c7389906849ef70b35ea561b9bfe5b","2024-06-28_18-28-34","update","552336"
"poster_283_2024-06-27_20-40-12_81eed500.png","81eed500f13e363a28631c46f9b791422797b90c","2024-06-27_20-40-12","update untitled","555649"
"poster_284_2024-05-02_01-26-28_6924d0b4.png","6924d0b4715e2821fd4ee04a50342cbff3055597","2024-05-02_01-26-28","update","371053"
"poster_285_2024-04-26_17-59-07_e4fcfba4.png","e4fcfba4d94aadf6efbfff1b102f3d199c2c9ec7","2024-04-26_17-59-07","update","475706"
"poster_286_2024-04-20_19-56-49_20d2480f.png","20d2480fddef21ab44db1a291208ad76380c827f","2024-04-20_19-56-49","upodate","62993"
"poster_287_2024-04-20_18-48-41_38216704.png","3821670402394d564ad5245ece61ea57a10485c2","2024-04-20_18-48-41","update","169094"
"poster_288_2024-04-12_21-53-52_88579d16.png","88579d1621551cb0f3b27eec971f5f93701b371b","2024-04-12_21-53-52","update","722986"
"poster_289_2024-04-12_21-30-43_fabca900.png","fabca90083c44574bb96d50a62267331e31455c1","2024-04-12_21-30-43","update","730421"
"poster_290_2024-04-12_20-53-20_598c4700.png","598c470073a39a79afa18b21eb337eaebda2c842","2024-04-12_20-53-20","poster update","724698"
"poster_291_2024-04-12_15-43-38_99271c7a.png","99271c7a29931df7057c007fca0b443946c03ce1","2024-04-12_15-43-38","update","724854"
"poster_292_2024-04-12_12-08-01_0279ba03.png","0279ba0319985c8a4be0ad6f3837fa914ad855f4","2024-04-12_12-08-01","update","724854"
"poster_293_2024-04-11_22-42-42_53f82bd9.png","53f82bd9db63af0f1c63648646677aedfe33679c","2024-04-11_22-42-42","update","722031"
"poster_294_2024-04-02_23-22-15_695e7d1b.png","695e7d1bb1a53244128646db8fd7d6bfc4495f06","2024-04-02_23-22-15","update","822505"
"poster_295_2024-04-02_22-33-47_169a434a.png","169a434a0204b84c469da17ff6dfbe62b8245818","2024-04-02_22-33-47","update","822505"
"poster_296_2024-04-02_22-04-47_b270b545.png","b270b545bdc1bab71f6c7b1600524ac3213234ef","2024-04-02_22-04-47","update","827742"
"poster_297_2024-03-23_22-07-59_4feaa0aa.png","4feaa0aadd24108a6651fcf5760a8399517bc80f","2024-03-23_22-07-59","update","714423"
"poster_298_2024-03-23_16-29-01_74608ed8.png","74608ed826bda29967420d222adb13a64e8cf002","2024-03-23_16-29-01","update","714423"
"poster_299_2024-03-22_22-14-05_8e9efdd8.png","8e9efdd8aba0efc9aeacbd30fe92b41394234af1","2024-03-22_22-14-05","update","714423"
"poster_300_2024-03-22_19-50-56_f7ddc253.png","f7ddc253bb48d3b56bab91522983e35437422571","2024-03-22_19-50-56","update","714423"
"poster_301_2024-03-20_15-25-53_8938d7da.png","8938d7dac7844e16e4df9fb1c9c1d9db589172a7","2024-03-20_15-25-53","update","714050"
"poster_302_2024-03-09_22-14-40_0d4d03bb.png","0d4d03bbe9cd81806921c929451765629752daab","2024-03-09_22-14-40","update","403847"
"poster_303_2024-03-08_22-51-10_e97d2e5d.png","e97d2e5d2b249ea663ceb825ee4f36ffcde1b903","2024-03-08_22-51-10","update","403847"
"poster_304_2024-03-08_19-50-32_3ff6945a.png","3ff6945ae0a7a297e638738ea2cde5f0c29d70ab","2024-03-08_19-50-32","update","404238"
"poster_305_2024-03-07_00-53-58_226d6a10.png","226d6a10e237bad4be3f214ab1916b3e567f59a1","2024-03-07_00-53-58","update","404221"
"poster_306_2024-03-07_00-52-49_7cb58c57.png","7cb58c57c63ad13d187446ffeed5d7f78e7cc1bf","2024-03-07_00-52-49","update","404221"
"poster_307_2024-02-28_20-08-54_d3232700.png","d32327002d796bf436c9a9db3ff63d173732b3ce","2024-02-28_20-08-54","update","806116"
"poster_308_2024-02-28_20-03-54_7f6b92ce.png","7f6b92ce7e4d9298118566fffc2a9153e4c4ef4e","2024-02-28_20-03-54","update","794729"
"poster_309_2024-02-28_19-42-29_7c0000d3.png","7c0000d39d1c5a7e0ce9817163d2991953881bf4","2024-02-28_19-42-29","more formats","805872"
"poster_310_2024-02-28_18-27-38_8096436e.png","8096436e45c6c3baa74e1ade3d91f573fd9bb3ad","2024-02-28_18-27-38","new poster","790219"
